
 {
    "gyro_bias": [
        2.68081035e-04,
        -5.34824714e-04,
        -9.35238864e-05
    ],
    "sample_rate": 460
}